,0
0,张玮
1,盛骏
2,丁当
3,林更新
4,BY2
5,宁泽涛
6,费玉清
7,梁静茹
8,张靓颖
9,黄家强
10,蔡少芬
11,王金龙
12,张惠妹
13,MONSTA X
14,吴亦凡
15,纪泽希
16,王祖蓝
17,朴施厚
18,WINNER
19,张碧晨
20,Shinning Star
21,AKB48
22,吴昕
23,Infinite
24,汤唯
25,少女时代
26,池昌旭
27,BigBang
28,甜馨
29,N-Sonic
30,罗中旭
31,古巨基
32,汪东城
33,TimeZ
34,VIXX
35,邓紫棋GEM
36,GOT7
37,曹格
38,Hebe田馥甄
39,郁可唯
40,秦勇
41,郭峰
42,蔡依林
43,郑淳元
44,Taylor Swift
45,郑秀文
46,朴信惠
47,A-Lin黄丽玲
48,韦礼安
49,TeenTop
50,陈奕迅
51,EXO
52,岚/ARASHI
53,Kinki Kids
54,林志颖
55,B1A4
56,魏晨
57,陈妍希
58,戚薇
59,曹诚模
60,T-ara
61,文熙俊
62,郭德纲
63,SHINee
64,曾沛慈
65,郎朗
66,罗志祥
67,李瑞镇
68,于
69,泷与翼
70,赵奕欢
71,Wonder Girls
72,李敏镐
73,All Star
74,李荣浩
75,严爵
76,w-inds.
77,刘若英
78,SNH48
79,玄彬
80,HOPE组合
81,
82,马东
83,容祖儿
84,Block B
85,李云迪
86,许永生
87,Girl's Day
88,神谷浩史
89,刘心
90,神话
91,吴源斌
92,尹恩惠
93,伍思凯
94,汪峰
95,萧敬腾
96,周杰伦
97,苏永康
98,周华健
99,防弹少年团
100,周笔畅
101,伍佰
102,五月天
103,张信哲
104,好妹妹乐队
105,苏志燮
106,Hey Say Jump
107,V6
108,关8
109,Sexy Zone
110,SMAP
111,KAT-TUN
112,乔任梁
113,杨千
114,李健
115,苏打绿
116,Super Junior
117,林俊杰
118,莫文蔚
119,吴尊
120,李宇春
121,宁桓宇
122,Apink
123,谭维维
124,马天宇
125,2pm
126,张智霖
127,宝儿
128,平安
129,李斯丹妮
130,许巍
131,FTIsland
132,郑智薰
133,小野丽莎
134,炎亚纶
135,朴树
136,张艺兴
137,欧豪
138,屈中恒
139,邓丽欣
140,王菀之
141,Maroon 5
142,MC梦
143,U-KISS
144,八三夭
145,姜育恒
146,SM ROOKIES
147,ZE:A
148,尚雯婕
149,毕书尽
150,Beast
151,Younha
152,林宥嘉
153,金钟国
154,裴涩琪
155,杨乃文
156,谢安琪
157,陈绮贞
158,BigFlo
159,张震岳
160,窦靖童
161,窦唯
162,Lovelyz
163,洪卓立
164,乐嘉
165,iKON
166,许嵩
167,周柏豪
168,齐秦
169,唐诗咏
170,吉克隽逸
171,MIC男团
172,姚晨
173,CNBlue
174,黎耀祥
175,BoA
176,IU李知恩
177,萧亚轩
178,李钟硕
179,陈晓
180,阮经天
181,MBLAQ
182,张韶涵
183,白举纲
184,SpeXial
185,王若琳
186,李光洙
187,俞灏明
188,金星
189,林志炫
190,陈慧琳
191,何韵诗
192,After School
193,侧田
194,陈冠希
195,陈乐基
196,FIR飞儿乐团
197,徐仁国
198,李易峰
199,路嘉怡
200,张栋梁
201,薛之谦
202,钟丽缇
203,凤凰传奇
204,鲁敏宇
205,光良
206,沈梦辰
207,金英光
208,王杰
209,韩庚
210,MAMAMOO
211,郑融
212,金莎
213,UNIQ
214,SHE
215,熊黛林
216,李晨
217,f(x)
218,朴宰范
219,陈小春
220,海清
221,SS501
222,沈煜伦
223,Twins
224,顾嘉辉
225,赤西仁
226,钟嘉欣
227,吴建豪
228,刘恺威
229,言承旭
230,JYJ
231,维塔斯
232,费翔
233,陈慧娴
234,BON JOVI
235,黄小琥
236,郑俊弘
237,温岚
238,许志安
239,江若琳
240,戴爱玲
241,大鹏
242,胡彦斌
243,巫启贤
244,周传雄
245,海鸣威
246,滨崎步
247,苏醒
248,韩红
249,张宇
250,金秀贤
251,刘亚仁
252,李小冉
253,林晓培
254,王思远
255,后弦
256,佳仁
257,何炅
258,2AM
259,吴莫愁
260,高圆圆
261,井柏然
262,贾乃亮
263,Selina任家萱
264,曹颖
265,洪辰
266,唐嫣
267,白百何
268,张敬轩
269,李闰珉
270,秦岚
271,徐怀钰
272,罗晋
273,陈珊妮
274,god组合
275,任贤齐
276,孟非
277,陆毅
278,BTOB
279,景峰
280,阿诺・施瓦辛格
281,古天乐
282,秦海璐
283,C AllStar
284,安七炫
285,张力尹
286,DC组合
287,朱咪咪
288,陈慧敏
289,张小娴
290,郑多燕
291,徐浩
292,金泰熙
293,李泉
294,HAHA
295,李彩桦
296,萧正楠
297,汪明荃
298,袁咏仪
299,柳岩
300,苏妙玲
301,程皓枫
302,河智苑
303,伊一
304,Tiger?JK
305,Leessang
306,陈彦允
307,李玉玺
308,江美仪
309,叶丽仪
310,张根硕
311,李承哲
312,黄安
313,濮存昕
314,Jessica郑秀妍
315,小室哲哉
316,梁奕蓝
317,张歆艺
318,武艺
319,FFx
320,张馨予
321,陈豪
322,李静
323,松泽由美
324,林志玲
325,舒淇
326,饶威
327,左立
328,华晨宇
329,温碧霞
330,曾轶可
331,苏见信
332,霍建华
333,Twice
334,孔垂楠
335,权志龙
336,金池
337,袁弘
338,保剑锋
339,马可
340,刘涛
341,SONAMOO
342,关楚耀
343,Hyukoh
344,朱军
345,卓文萱
346,颖儿
347,吴卓羲
348,郝云
349,闫非
350,胡宇威
351,BOP天堂鸟
352,李炜
353,郑嘉颖
354,陈家乐
355,Boyfriend
356,安心亚
357,1976乐团
358,家家
359,吴汶芳
360,许富凯
361,佘诗曼
362,傅颖
363,谢霆锋
364,霍思燕
365,邓超
366,权相佑
367,胡歌
368,Juniel
369,汤姆・克鲁斯
370,AOA
371,TFBOYS
372,宋智孝
373,陈秋实
374,周丽淇
375,古川雄辉
376,于朦胧
377,吕颂贤
378,芦芳生
379,左其铂
380,庄训鑫
381,她她组合
382,丁一宇
383,孙燕姿
384,杨怡
385,张震
386,立威廉
387,刘威煌
388,许廷铿
389,罗霖
390,张雨绮
391,卓依婷
392,徐海乔
393,俞承豪
394,李贤宰
395,张孝全
396,江蕙
397,陈诗欣
398,游鸿明
399,孙艺洲
400,陈粒
401,池晟
402,林海
403,张丹峰
404,Ngern
405,天悦
406,南柱赫
407,范世
408,GFriend
409,SKE48
410,叶世荣
411,关诗敏
412,李宗盛
413,EXID
414,张亮
415,李菲儿
416,小肥
417,辰亦儒
418,王凯
419,任言恺
420,谢天华
421,李N基
422,刘昊然
423,郭京飞
424,陈浩民
425,贾玲
426,陈坤
427,张卫健
428,范冰冰
429,谭佑铭
430,刘灿
431,林依轮
432,黄正音
433,赵薇
434,江映蓉
435,王巧
436,汪睿
437,李治廷
438,吴尚津
439,张赫宣
440,李行亮
441,王栎鑫
442,胡夏
443,JJCC
444,何乾梁
445,梁文音
446,刘同
447,Yuri
448,Sandara
449,黄子韬
450,Sunny
451,张惠春
452,陈楚生
453,任时完
454,福山雅治
455,Krystal郑秀晶
456,Madonna
457,宋冬野
458,徐子崴
459,王梓轩
460,安俐娜
461,孙耀琦
462,肥妈
463,利特
464,冯绍峰
465,李响
466,福多多Fluke
467,刘亦菲
468,刘诗诗
469,宋承宪
470,霍尊
471,陈数
472,郭碧婷
473,张皓宸
474,Mr.
475,Fly to the Sky
476,李好
477,郑钧
478,杨洋
479,Red Velvet
480,黄渤
481,动力火车
482,李玉刚
483,萱萱
484,杨蓉
485,明道
486,郭富城
487,孙艺珍
488,杨宗纬
489,朴明秀
490,SG Wannabe
491,至上励合
492,汪苏泷
493,蔡妍
494,孟庭苇
495,秀智
496,se7en
497,林夕
498,毛晓彤
499,黄恺杰
500,李湘
501,包贝尔
502,徐峥
503,何润东
504,姜素拉
505,李蕴
506,秦天
507,李彬
508,保罗・路德
509,李丹阳
510,孟丹珏
511,DIA
512,苏有朋
513,陈伟霆
514,KARA
515,杨钰莹
516,王铮亮
517,黄日华
518,逃跑计划
519,朴孝敏
520,崔健
521,ONE OK ROCK
522,姜GARY
523,Dal★shabet
524,张恒远
525,陈奂仁
526,藤井美菜
527,连诗雅
528,BOX组合
529,李祥祥
530,毛泽少
531,Davichi
532,罗隽永
533,吴大伟
534,黄义达
535,阿悄
536,Notice
537,唐禹哲
538,鹿晗
539,黄宗泽
540,沈昌珉
541,张阳阳
542,Epik High
543,超新星
544,金所炫
545,陈柏宇
546,赵又廷
547,刘畅
548,陈乔恩
549,李缇娜（Tina）
550,金起范
551,辛晓琪
552,林峰
553,戴佩妮
554,王鸥
555,Push
556,付辛博
557,黄绮珊
558,吴磊
559,fresh极客少年团
560,黄晓明
561,余枫
562,郭书瑶
563,前田敦子
564,Rachel Hilbert
565,黄征
566,潘辰
567,Sistar
568,陈冰
569,吴宗宪
570,DAY6
571,马里奥
572,洪真英
573,K.will
574,林珍范
575,倪妮
576,杜江
577,毛弟邱翊橙
578,大S
579,Gwen Stefani
580,李玟
581,关咏荷
582,胡兵
583,刘心悠
584,张欣奕
585,陈学冬
586,张杰
587,张慧雯
588,郑恺
589,品冠
590,赵雅芝
591,UP10TION
592,徐子珊
593,王力宏
594,刘德华
595,Idol School
596,陈汉典
597,朴海镇
598,Chris Evans
599,任达华
600,魏雪漫
601,田亮
602,魏如萱
603,张镐哲
604,何家劲
605,蔡F佑
606,李琦
607,周深
608,尹钟信
609,Daniel Craig
610,刘烨
611,黄磊
612,孙红雷
613,杨恭如
614,简恺乐
615,王千源
616,Tasty
617,杜海涛
618,姜潮
619,白日梦冒险乐团
620,Seventeen
621,蔡健雅
622,樊少皇
623,Swing Girls
624,赵本山
625,孙楠
626,高鑫
627,Ailee
628,李嘉格
629,Super Girls
630,薛凯琪
631,张含韵
632,许飞
633,吴克群
634,刘惜君
635,SUHO金俊勉
636,金宇彬
637,李政宰
638,张翰
639,A'N'D
640,贝克汉姆
641,MYNAME
642,HARIN
643,李秉宪
644,金润吉
645,苍井优
646,蔡康永
647,秦昊
648,凤小岳
649,茜拉
650,阿杜
651,允浩
652,弦子
653,Adam Lambert
654,初音未来
655,信乐团
656,周元
657,郑俊英
658,张赫
659,NU'EST
660,宫野真守
661,安室奈美惠
662,吴秀波
663,林欣彤
664,韩雪
665,杨幂
666,泰妍
667,B.A.P
668,赖雅妍
669,UIE
670,李嘉琪
671,关心妍
672,延政勋
673,张继聪
674,常石磊
675,杨培安
676,HALO
677,MP魔幻力量
678,牛奶咖啡
679,洪宗玄
680,姜河那
681,HOMME
682,曾之乔
683,August
684,Miley Cyrus
685,堀北真希
686,河正宇
687,成诗京
688,吴镇宇
689,郑欣宜
690,刘忻
691,李霄云
692,蒋欣
693,Crayon Pop
694,乐童音乐家
695,马薇薇
696,莫少聪
697,胡琳
698,周海媚
699,徐良
700,迪丽热巴
701,邱泽
702,陈翔
703,黄雅莉
704,庄心妍
705,Roy Kim金相佑
706,郑雨盛
707,修杰楷
708,张俪
709,黄霄云
710,孔连顺
711,周杰
712,李克勤
713,梁博
714,本乡奏多
715,李多海
716,金亨俊
717,王大陆
718,龚琳娜
719,李娜
720,乔振宇
721,周蕙
722,吴奇隆
723,杨丞琳
724,马克西姆Maksim
725,马E
726,李亚鹏
727,卢巧音
728,Super Junior-K.R.Y.
729,艾力
730,东来东往
731,羽泉
732,吴若希
733,Oh My Girl
734,刘智扬
735,萧煌奇
736,李沁
737,罗力威
738,王啸坤
739,潘粤明
740,沈腾
741,朱亚文
742,水木年华
743,彭于晏
744,昆凌
745,泳儿
746,周慧敏
747,郭政鸿
748,邰正宵
749,雷宇扬
750,李秋泽
751,马浴柯
752,王喜
753,王传君
754,杨坤
755,汤怡
756,蒋劲夫
757,孔孝真
758,陶
759,张丰毅
760,顺子
761,朴振荣
762,佟大为
763,郭采洁
764,樱井玲奈
765,广濑智纪
766,杜淳
767,N.flying
768,黄轩
769,应采儿
770,胡军
771,TOPP DOGG
772,杨紫琼
773,田雷
774,周立波
775,朴宝英
776,卫兰
777,王心凌
778,少女标本
779,郭子千
780,罗琦
781,赵大格
782,关
783,李玖哲
784,潘裕文
785,李冰冰
786,林子祥
787,Justin Bieber
788,刘明湘
789,杀手锏乐队
790,宋茜
791,丁薇
792,蔡琴
793,余文乐
794,孙伯纶
795,陈志朋
796,老狼
797,阮伟旌
798,李准
799,安娜伊思・马田
800,DIR EN GREY
801,赵涛
802,朱雨辰
803,郑希怡
804,万绮雯
805,梁君诺
806,贾博雅
807,程予希
808,夏雨
809,吕珍九
810,张晋
811,林依晨
812,朴叙俊
813,张磊
814,滕丽名
815,林永健
816,萨顶顶
817,张若昀
818,魏大勋
819,麦浚龙
820,Lollipop F（棒棒堂）
821,张钧甯
822,王丽坤
823,乃木坂46
824,姜武
825,郑伊健
826,陈赫
827,谢天笑
828,巩俐
829,方力申
830,4minute
831,Mike
832,韩寒
833,Angelababy
834,郭冬临
835,汤镇宗
836,樊野
837,朴宝蓝
838,靳东
839,岳云鹏
840,M.A.P.6
841,许玮甯
842,贺军翔
843,徐嘉苇
844,关礼杰
845,南派三叔
846,具惠善
847,华少
848,陈柏霖
849,Om Akapan
850,郭静
851,林心如
852,柳演锡
853,林周焕
854,安以轩
855,柳时元
856,HIGH4
857,池贤宇
858,郭雪芙
859,黄龄
860,范玮琪
861,焦恩俊
862,HOTSHOT
863,娄艺潇
864,李泰焕
865,赵丽颖
866,张涵予
867,李嘉欣
868,毛宁
869,朱茵
870,邓健泓
871,张可颐
872,黄品源
873,沈震轩
874,冯建宇
875,Michael James Owen
876,Son Yuke?Songpaisarn
877,果味VC
878,张佑赫
879,Aom
880,24K
881,陈佩斯
882,安东尼
883,曹方
884,胡杏儿
885,胡杨林
886,胡龄萌
887,戴军
888,汤宝如
889,Jennifer Lawrence
890,黄英
891,Clean Bandit
892,Jannabi
893,5 Seconds of Summer
894,马国明
895,傅嘉莉
896,谢娜
897,钟汉良
898,白岩松
899,方文山
900,高俊熙
901,周韦彤
902,NANA林珍娜
903,王自健
904,杰西达邦
905,叫兽易小星
906,六小龄童
907,刘俊相
908,Selena Gomez
909,刘雯
910,安宰贤
911,糖妹
912,多亮
913,朱相昱
914,布兰妮Britney
915,久石让
916,谢彬彬
917,尹正
918,宣萱
919,李圣杰
920,李小璐
921,黄鸿升
922,杨凯琳
923,王珞丹
924,江一燕
925,厉旭
926,肖顺尧
927,孙兴
928,刘晓庆
929,谭耀文
930,二手玫瑰
931,李赞熙（天地）
932,Zico
933,马苏
934,Pchy
935,赵雷
936,金俊秀
937,李弘基
938,毛阿敏
939,卢广仲
940,Lyn
941,宋芸桦
942,张洪量
943,王阳明
944,JunJin
945,范逸臣
946,杨爱瑾
947,Miss A
948,蒋勤勤
949,赵传
950,崔始源
951,东方神起
952,PSY
953,七朵组合
954,金恩圣
955,柯以敏
956,徐康俊
957,朴宝剑
958,One Direction
959,温拿
960,谭咏麟
961,李昶F
962,金钟铉
963,2NE1
964,松村香织
965,金东玄
966,真理翰
967,张清芳
968,The Vamps
969,胡定欣
970,周渝民
971,许晴
972,汪涵
973,孙坚
974,刘语熙
975,朱元冰
976,陈思诚
977,孙耀威
978,Pong Nawat
979,TaeTiSeo
980,林允儿
981,麦家琪
982,Popu Lady
983,杨思琦
984,梁小冰
985,高桥南
986,郭涛
987,倪虹洁
988,曾舜
989,韩东君
990,赵嘉敏
991,王博文
992,Ella陈嘉桦
993,μ's
994,孙东云
995,圭贤
996,姜雯
997,Gummy
998,张家辉
999,王青
1000,朴灿烈
1001,宋闵浩
1002,杨志刚
1003,Legend组合
1004,李邹B
1005,锦荣
1006,胜利
1007,尹宝拉
1008,金亚荣（Yura）
1009,Adele
1010,米兰达・可儿
1011,郑爽
1012,潘玮柏
1013,蔡淳佳
1014,金
1015,阎奕格
1016,汪小敏
1017,周冬雨
1018,金雪炫
1019,Andy李先镐
1020,王嘉尔（Jackson）
1021,汤潮
1022,白客
1023,孙俪
1024,付曼
1025,刘秋实
1026,黄嘉乐
1027,妮可
1028,李立群
1029,TOP
1030,马思纯
1031,梁咏琪
1032,方中信
1033,魏骏杰
1034,郑容和
1035,宋佳
1036,陆星材
1037,王中磊
1038,农夫
1039,王一博
1040,袁咏琳
1041,任瑟雍
1042,魏一宁
1043,崔永元
1044,李准基
1045,沙宝亮
1046,Luna
1047,张远
1048,申彗星
1049,周觅
1050,徐峰柏
1051,邓萃雯
1052,易烊千玺
1053,李国麟
1054,张梓琳
1055,张云龙
1056,王俊凯
1057,唐艺昕
1058,古力娜扎
1059,金圭钟
1060,于和伟
1061,邹市明
1062,张玉安
1063,林丹
1064,胡海泉
1065,杨子珊
1066,郑源
1067,强辩乐团
1068,朱俐静
1069,MADTOWN
1070,韩智慧
1071,杨奇煜
1072,林忆莲
1073,谢佳见
1074,徐贤
1075,曹征
1076,高进
1077,郑渊洁
1078,李东健
1079,车胜元
1080,关晓彤
1081,肖骁
1082,Beyond
1083,陈展鹏
1084,FIESTAR
1085,李灿森
1086,窦骁
1087,吴千语
1088,隋棠
1089,Maroon5
1090,周迅
1091,VIXX LR
1092,尹施允
1093,陈都灵
1094,延宇振
1095,Tahiti
1096,安在旭
1097,金载沅
1098,EXILE
1099,王宝强
1100,陈庭妮
1101,邱胜翊
1102,张睿
1103,杨丽萍
1104,金在中
1105,沙溢
1106,李惠利
1107,小沈阳
1108,HaNi
1109,强仁
1110,筷子兄弟
1111,刘洲成
1112,潘美辰
1113,平野绫
1114,宋再临
1115,马雪阳
1116,主持人马可
1117,ZE:A J
1118,曲婉婷
1119,樱田通
1120,马丽
1121,陈启泰
1122,关智斌
1123,廖碧儿
1124,徐璐
1125,Nine Muses
1126,南拳妈妈
1127,文俊英
1128,王彦霖
1129,欧阳娜娜
1130,林二汶
1131,DJ D.O.C
1132,宋威龙
1133,金玟岐
1134,小野贤章
1135,洪金宝
1136,张鲁一
1137,熊乃瑾
1138,林文龙
1139,欧阳震华
1140,Amber
1141,戴娇倩
1142,黄国伦
1143,倪萍
1144,戴向宇
1145,蒋卓嘉
1146,涉谷昴
1147,Kalafina
1148,李章宇
1149,高以翔
1150,Allstar
1151,陈龙
1152,安又琪
1153,李艺彤
1154,鞠婧t
1155,董春辉
1156,张继科
1157,袁姗姗
1158,具荷拉
1159,黄子佼
1160,滑川康男
1161,朱之文
1162,李帝勋
1163,文章
1164,任炫植
1165,郑佩佩
1166,黄真真
1167,方大同
1168,孝琳
1169,宋小宝
1170,侯明昊
1171,朱一龙
1172,南太铉
1173,王源
1174,马Y
1175,任重
1176,金完
1177,罗仲谦
1178,Niel
1179,April
1180,王志飞
1181,ZERO-G
1182,黄景瑜
1183,Turbo
1184,吴业坤
1185,许魏洲
1186,Rihanna
1187,李纯
1188,刘萌萌
1189,申敏儿
1190,李在真
1191,张庭
1192,CHEN（金钟大）
1193,张天爱
1194,王若琪
1195,吴虹飞
1196,陈楚河
1197,陈意涵
1198,曹承佑
1199,政]
1200,刘嘉玲
1201,唐国强
1202,王蓉
1203,郭敬明
1204,吴樾
1205,高云翔
1206,White
1207,徐晨辰
1208,Stellar
1209,白智英
1210,CROSS GENE
1211,Bella Ranee Campen
1212,N（车学渊）
1213,小栗旬
1214,NGT48
1215,刘芮麟
1216,苑子文
1217,撒贝宁
1218,李依晓
1219,Mika Penniman
1220,One O One
1221,陈梓童
1222,黄光熙
1223,盛一伦
1224,童可可
1225,贾青
1226,白澍
1227,肖战
1228,谷嘉诚
1229,郭子凡
1230,王钰威
1231,伍嘉成
1232,焉栩嘉
1233,王迅
1234,张咪
1235,张兆辉
1236,钱枫
1237,郑少秋
1238,柳俊烈
1239,LEO（郑泽云）
1240,小野大辅
1241,万芳
1242,孙盛希
1243,梁心颐（Lara）
1244,白敬亭
1245,郑中基
1246,卢冠廷
1247,Dears组合
1248,马景涛
1249,刘雨欣
1250,孝渊
1251,姚子羚
1252,周家怡
1253,李锐
1254,毕夏
1255,陶大宇
1256,酒井法子
1257,LABOUM 
1258,王矜霖
1259,Michael Learns To Rock
1260,O2O Goddess女团
1261,朴素珍
1262,黄海冰
1263,郑大贤
1264,吕绍聪
1265,郭俊辰
1266,关淑怡
1267,李幸倪
1268,吴俊余
1269,孔舒航
1270,热依扎
1271,Green Ausadaporn
1272,黄汐源
1273,彭宇
1274,梁汉文
1275,隋咏良
1276,海陆
1277,白雅言
1278,张睿家
1279,石田琴子
1280,石川智晶
1281,Bryan Rice
1282,大张伟
1283,敖犬
1284,严屹宽
1285,刘伟男
1286,周秀娜
1287,肖镒舟
1288,刘汉兆
1289,万翔
1290,马尔辰
1291,李思捷
1292,Beyonce
1293,李维嘉
1294,陈稳
1295,张哲瀚
1296,赵文琪
1297,马伊P
1298,朴基雄
1299,田亚霍
1300,Yangpa
1301,孙承欢（Wendy）
1302,李秀满
1303,伊恩麦克莱恩
1304,简弘亦
1305,李佳航
1306,郭品超
1307,李珉廷
1308,刘慧英
1309,陈敏之
1310,周星驰
1311,桂纶镁
1312,陈凯琳
1313,张逸杰
1314,张萌
1315,黄礼格
1316,蒋依依
1317,彭昱畅 
1318,金大川
1319,金希澈
1320,孙娜恩
1321,金素妍
1322,岛谷瞳
1323,Hello Venus
1324,BESTie
1325,李圣经
1326,纪敏佳
1327,周治平
1328,5urprise
1329,LU:KUS
1330,草蜢
1331,SS301
1332,罗大佑
1333,HKT48
1334,闫妮
1335,吕方
1336,P.O表志勋
1337,金范秀
1338,NEWS
1339,陈泽希
1340,高F睿
1341,高伟光
1342,崔俞娜（俞宙）
1343,金桢勋
1344,甄子丹
1345,金赛纶
1346,余心恬
1347,金高银
1348,张子丰
1349,刘以豪
1350,李源根
1351,Min Thitipat
1352,崔成国
1353,GRAY
1354,姜栋元
1355,李圣F
1356,高庚杓
1357,Rainbow
1358,梁烈唯
1359,Sandy&Mandy
1360,Barry Nadech
1361,白艺
1362,Lady Gaga
1363,林奕匡
1364,高雅拉
1365,孔侑
1366,AOA CREAM
1367,金泫雅
1368,郝歌
1369,玖月奇迹
1370,金志文
1371,金南佶
1372,南宫民
1373,B.I.G
1374,IMFACT
1375,Tiffany
1376,秀英
1377,李泰民
1378,宋仲基
1379,黄贯中
1380,林枫松
1381,夏之光
1382,戴萌
1383,朴正民
1384,黎明
1385,速水直道
1386,约瑟翰・庞麦郎
1387,平川大辅
1388,赵权
1389,灿多
1390,信宇
1391,Ciara
1392,Ellie Goulding
1393,黄致列
1394,中孝介
1395,金裕贞
1396,ASTRO
1397,宇宙少女
1398,X-FIRE
1399,赵磊
1400,江疏影
1401,小s
1402,林海峰
1403,巩贺
1404,张达明
1405,杨澜
1406,车太贤
1407,橙子焦糖Orange Caramel
1408,Ladies' Code
1409,板野友美
1410,金荷娜
1411,洪欣
1412,都切D.O.
1413,Dynamic Duo
1414,10cm
1415,Ravi
1416,洪石千
1417,侯佩岑
1418,金素晶（素媛）
1419,王晰
1420,徐佳莹
1421,黄耀明
1422,HAYA乐团
1423,孙浩英
1424,CLC
1425,咸恩静
1426,魏千翔
1427,麦斯米兰・海克
1428,尹汝贞
1429,向海岚
1430,MR.MR
1431,刘永才
1432,李莎F子
1433,林允
1434,张雪迎
1435,谭松韵
1436,郑珍云
1437,温雅
1438,李栋旭
1439,蒋梦婕
1440,王
1441,潘晓婷
1442,谢依霖
1443,李小鹏
1444,Brown Eyed Girls
1445,吴映洁
1446,KNK
1447,那英
1448,薛家燕
1449,小宇
1450,崔雪莉
1451,4TEN
1452,玉泽演
1453,郑号锡（J-HOPE）
1454,陈世妍
1455,董洁
1456,任容萱
1457,莱昂纳多・迪卡普里奥
1458,金圣柱
1459,金志洙
1460,沈恩京
1461,ATF组合
1462,林嘉欣
1463,李俊昊
1464,陈晓东
1465,孙茜
1466,朴草娥
1467,李夏怡
1468,卞耀汉
1469,彭楚粤
1470,阿肆
1471,尹斗俊
1472,Secret
1473,全孝盛
1474,张彬彬
1475,Hoya
1476,Damien Rice
1477,朴嘉熙
1478,姜知英
1479,NEO SCHOOL
1480,刘承宇
1481,贾静雯
1482,苏菲・玛索
1483,杨秀惠
1484,冯允谦
1485,胡鸿钧
1486,温流
1487,黄秋生
1488,张檬
1489,吴大维
1490,山下智久
1491,维多利亚・贝克汉姆
1492,阮兆祥
1493,张楚
1494,娜塔丽・波特曼
1495,李周宪
1496,苏运莹
1497,耿乐
1498,朴昭妍
1499,曹轩宾
1500,安在洪
1501,柳德焕
1502,金晨
1503,郑元畅
1504,姜涩琪（SeulGi）
1505,晋久
1506,童瑶
1507,吴世勋
1508,CODE-V
1509,Yif
1510,Eric Nam
1511,高晓松
1512,张琦
1513,柯震东
1514,邓颖芝
1515,许佳慧
1516,黑豹乐队
1517,朴韩星
1518,吴浩康
1519,金多顺
1520,少年共和国
1521,SNUPER
1522,尼坤
1523,金绿贤
1524,林又立
1525,申世景
1526,孙杨
1527,钟舒漫
1528,Air Supply
1529,熊木杏里
1530,Mariah Carey
1531,刘浩龙
1532,钟欣潼
1533,朴敏英
1534,李玟雨
1535,NMB48
1536,钟楚红
1537,于文文
1538,痛仰
1539,金泰宇
1540,宁静
1541,穆妍熙
1542,斯嘉丽・约翰逊
1543,陈瑶
1544,刘仁娜
1545,何洁
1546,I.O.I
1547,易嘉爱
1548,生田斗真
